FY 2010,05/15/10,05/08/10,"Carmel High School, Carmel, IN 46033",Maintenance worker was fatally injured when the riding lawn mower he was using exploded.
FY 2010,05/15/10,05/08/10,"OUI Deliver, LTD, Addison, IL  60101",Worker was underneath a semi-trailer working on the driveshaft when the trailer began rolling backwards toward the street.  Worker was caught and dragged along with the semi-tractor.
FY 2010,05/15/10,05/09/10,"A Class Towing Corp., Miami, FL 33145",Worker was getting out of his tow truck and was struck by a motor vehicle.
FY 2010,05/15/10,05/10/10,"Baillie Roofing & Construction Inc., New Pot Richey, FL",Worker was on a roof performing an estimate for a re-roofing job and was stung by a wasp.
FY 2010,05/15/10,05/10/10,"Caliber Oil Field Services, Dimock, PA  18816",Worker was working from an elevated platform on the mast of a drilling rig and was struck by a rotating steel casing.
FY 2010,05/15/10,05/10/10,"Jeffboat LLC, Jeffersonville, IN  47130","Worker was carrying a welding feeder case on the port side of a barge, lost his hold on the case.  In trying to keep the case from falling, grabbed the whipline, and was pulled between the rails."
FY 2010,05/15/10,05/10/10,"Mr. Bult's Inc., Antioch, TN 37013","Worker was buried under waste being pushed into a trailer by a bulldozer, and suffocated."
FY 2010,05/15/10,05/11/10,"Angel Brothers Enterprises, LTD, Lockhart, TX  78644",Worker was engaged in testing asphalt and was run over by the truck.
FY 2010,05/15/10,05/11/10,"Baker Pile Driving and Site Work LLC, Shreveport, LA  71115","Worker was changing out a boom section and removed the wrong pin, causing the boom to open up from the bottom, striking him."
FY 2010,05/15/10,05/11/10,"Ferris Metal Processing, Brooklyn, OH  44144",Worker was struck on the head by banding.
FY 2010,05/15/10,05/11/10,"First Baptist Church of Alhambra, Alhambra, CA 91801",Maintenance worker was overcome while using a chemical stripper to prepare for painting.
FY 2010,05/15/10,05/11/10,"Metheny Commercial Lawn Maintenance, Grand Prairie, TX  75051",Worker was removing debris with a leaf blower and was struck by an automobile.
FY 2010,05/15/10,05/11/10,"N.G.A. Company, Brooklyn, NY  11222",Worker fell from a pump jack scaffold after a section of the work platform collapsed.
FY 2010,05/15/10,05/11/10,"Signature Landscape Design & Irrigation, Boyton Beach, FL  33484","Worker was operating a riding lawn mower on a sloped area of a retention pond.  Worker rolled the mower over into the pond and was trapped under the mower and water, drowning."
FY 2010,05/15/10,05/12/10,"ChapmanTrucking, Parshall, ND  58770",Worker was dismantling an oil rig and was crushed between  a forklift and a truck.
FY 2010,05/15/10,05/12/10,"Norampac Industries Inc. Niagara Falls Division, Niagara Falls, NY  14303",Worker was crushed between a forklift truck and a roll of paper.
FY 2010,05/15/10,05/12/10,"Reliable Container Corporation, San Francisco, CA 90670",Worker suffered fatal injuries after being pinned between a forklift and machine.
FY 2010,05/15/10,05/12/10,"Robinson Drilling of Texas, LTD, Rankin, TX  79778","Worker, disconnected from his fall protection, stepped off or fell off the monkeyboard."
FY 2010,05/15/10,05/13/10,"Ortowski Construction, Gainesville, TX  76240","Worker was running alongside a forklift to jump on, slipped, fell, and was run over by the forklift."
FY 2010,05/15/10,05/13/10,"Reid Construction Company, Carrollton, GA  30117",Worker was laying sod and was later found unconscious.
FY 2010,05/15/10,05/13/10,"Security and Safe of Colorado, Littleton, CO  80127","Worker was installing a safe that fell off its cribbing, pinning the worker."
FY 2010,05/15/10,05/14/10,"BenchMark Wireline Products, Simonton, TX  77476","Worker was assisting with moving a metal conveyor containing metal shavings, which was being lifted by a jib crane.  The load shifted and the end of the conveyor struck the worker on the chest."
FY 2010,05/15/10,05/14/10,"Brickman Group dba Grass-Roots, Inc., Olathe, KS  66061-5879",Worker was mowing a grassy hill along a creek and was later found pinned under the mower in the creek.
FY 2010,05/15/10,05/14/10,"Jeffboat LLC, Jeffersonville, IN  47130","Worker was working at the bottom of a barge, cleaning it up.  He was at the top of a ladder with a broom in one hand, his other hand released from the ladder and he fell back, striking a concrete structure."
FY 2010,05/15/10,05/14/10,"John McLoughlin General Contractor, Bradley Beach, NJ  07720",Worker fell from a ladder.
FY 2010,05/22/10,04/12/10,"Roosevelt Fire Department, Engine Co. #1, Hyde Park, NY 12538",Worker died after developing chest pains while training.
FY 2010,05/22/10,05/11/10,"Hixon Home Improvement, Highland, IN 46322","Worker died from head injuries after falling down stairs, while moving a chest freezer."
FY 2010,05/22/10,05/12/10,"FS Commercial Landscaping, Carson, CA 92509",Worker died after he began vomiting and shaking. He was moved to the shade and first aid was administered (presumed heat stress).
FY 2010,05/22/10,05/13/10,"A & M Carpentry, Olney, MD 20832",Worker died after falling 23 feet from an extension ladder.
FY 2010,05/22/10,05/13/10,"Capstar Austin Partners, LP dba Doubletree Austin, Austin, TX  78752","Worker was cleaning out a deep fat fryer and spilled some hot grease, receiving a significant burn to his left leg."
FY 2010,05/22/10,05/13/10,"John Davis Trucking Company, Battle Mountain, NV 89820",Driver suffered fatal injuries after truck left the road and overturned.
FY 2010,05/22/10,05/13/10,"Scholastic Book Fair, Inc., Bloomingdale, IL  60108",Worker was working from a cherry picker and fell.
FY 2010,05/22/10,05/14/10,"NC State Natural Resources Foundation, Inc., Maysville, NC 28555",Worker died after being backed over by a truck while walking along the road.
FY 2010,05/22/10,05/15/10,"Eagle Sorters, LLC, Porter, TX  77365","Worker was painting a dredging vessel.  He was down in a hole, located inside the vessel, and an explosion occurred."
FY 2010,05/22/10,05/15/10,"Super Mart Convenience Store, Las Vegas, NV 89108",Convenience store worker died after being shot during a robbery.
FY 2010,05/22/10,05/17/10,"C.D. Davenport, Inc., Northfield, MA  01360",Worker was struck by 8-inch high density polyethylene (HDPE) water piping that burst.
FY 2010,05/22/10,05/17/10,"Saxon Drilling Rig 140, Damascus, AR  72039",Worker was on top of a generator house preparing for hook-up and was found unconscious.
FY 2010,05/22/10,05/18/10,"BIS Frucon Industrial Services Inc., Perry, FL  32347",Worker stepped in front of a Lull® telehandler and was run over.
FY 2010,05/22/10,05/18/10,"Conveyor & Storage Systems Co. Inc., Portland, PA  18343","Worker fell from a mezzanine, 11 feet above the lower level."
FY 2010,05/22/10,05/19/10,"Alpha Auto Repair, LLC, Crestwood, IL  60445",Worker was pinned between two vehicles as he tried to stop a car from rolling out of a car bay.
FY 2010,05/22/10,05/19/10,"Ellis Arms Logging, Wartburg, TN 37912",Worker died after being struck by a tree during a logging operation.  The tree was supposed to fall in the opposite direction.
FY 2010,05/22/10,05/19/10,"Post Road Fuel Incorporated, Warwick, RI  02888","Worker put a car on the car lift and raised the car 4 feet, to repair the left front tire, and the worker went under the car.  The front of the car started leaning toward the floor, then fell to the floor; the rear of the car then came off the lift, falling to the floor.  The worker was still under the car and was crushed."
FY 2010,05/22/10,05/20/10,"Artic Car Sales, Inc., Rapid City, SD  57701",Worker was crushed by an all-terrain vehicle (ATV) after it rolled over during a photo shoot.
FY 2010,05/22/10,05/20/10,"CBI Services, East Windsor, NJ  08520",Worker was inside a water tower ascending a ladder and fell.
FY 2010,05/22/10,05/20/10,"National Park Service, American Fork, UT  84003","Worker was riding a motorized bike up a trail and went off the edge of the trail, falling 1000 feet."
FY 2010,05/22/10,05/20/10,"Nordpal Corporation, Galesburg, IL  61401","Worker was repairing a large overhead hanger door, and was later found caught in the folded door."
FY 2010,05/22/10,05/21/10,"Trinity Marine Products Inc., Madisonville, LA  70447","Worker was fitting and welding into place a center line frame on a barge.  The frame fell on the worker, crushing the worker."
FY 2010,05/29/10,01/19/10,"Sabinsa Corp., Payson, UT 84651",Worker died after inhaling a selenium compound.
FY 2010,05/29/10,05/19/10,"Louisville Metro Public Works & Assets Department, Louisville, KY 40217",Sanitation worker died after being struck by a garbage truck.
FY 2010,05/29/10,05/22/10,"Brinkley Farms, Dos Palos, CA 93620","Worker servicing the hydraulic system on cultivator tractor, was crushed by the cultivator tractor tire."
FY 2010,05/29/10,05/22/10,"Scales Mound Fire Department, Scales Mound, IL 61075",Worker searching for missing person was killed when his all-terrain vehicle (ATV) struck a deer and rolled over.
FY 2010,05/29/10,05/23/10,"Cirrus Flight Operations, Blaine, MN 55449",Worker was refueling trucks used to refuel airplanes.  Worker was found dead on top of a truck with his head in the refueling hole.
FY 2010,05/29/10,05/23/10,"Unilever, Hammond, IN 46320","Worker servicing an 800-pound temperature probe/agitator, used to mix contents in rail cars, died after being hit/crushed by the agitator.  Safety latch on a jib crane failed."
FY 2010,05/29/10,05/24/10,"Done-Rite Tree Company, Inc., Caldwell, ID  83605","Worker was using a chainsaw to cut through a tree stump when the chainsaw got stuck in the stump.  A skid steer with a grapple attachment was used to push against the stump to free the chainsaw. The worker motioned for more pressure on the stump, and then he bent down and forward to look at the chainsaw.  The grapple cycle shot, striking the worker in the temple area."
FY 2010,05/29/10,05/24/10,"Doran's Inc., North Haven, CT  06473",Worker was stabbed by patron with a knife.
FY 2010,05/29/10,05/24/10,"GBC Metals LLC., dba Olin Brass Somers Thin Strip, Waterbury, CT  06720",Worker was performing a heat change on a furnace and was running the product.  Worker was later found caught up in the rolls of the bridle.
FY 2010,05/29/10,05/25/10,"Design Metals, Columbia, MO  65203","Working was removing roof panels, became tangled with either an electrical cord or rope.  He disconnected his fall protection to untangle it, stepped back and fell through a section of the roof that had been removed, falling 23 to 25 feet to the concrete below."
FY 2010,05/29/10,05/27/10,"ESCO, Windsor, CT  06095","Worker was working on an electrical system.  Unknown whether the worker sustained injuries from an electrical shock, natural causes, or a fall from a ladder."
FY 2010,05/29/10,05/27/10,"Roth Metal Works, Brooklyn, NY  11205",Worker doing steel erection fell 60 feet from a structural steel beam.
FY 2010,05/29/10,05/28/10,"AAA Asphalt Paving, Inc., Pasadena, TX  77502",Worker was probing a ditch for gas lines and was struck by a vehicle.
FY 2010,05/29/10,05/28/10,"Chalfont Custom Painting, Chalfont, PA  18914",Worker was trimming branches from a tree using a metal painter's pole near a 2400 Volt electrical wire.  Worker was later found on the ground at the bottom of the ladder.  Worker was electrocuted.
FY 2010,05/29/10,05/28/10,"Paul Construction Company LLC, Mountain Home, AR  72653",Worker was installing new cell phone cables and antennas.  He was descending the tower and fell 240 feet.
FY 2010,06/05/10,12/23/09,"Diamond D Ranch, Inc., Stanley, ID 83278",Worker was operating a front end loader on a narrow mountain road and the loader rolled over.
FY 2010,06/05/10,03/27/10,"Wada Farms Potatoes Inc., Pingree, ID 83262",Worker fell 10 feet from a bin.
FY 2010,06/05/10,03/28/10,"High Sierra Energy, LP, Wheeler, TX 79096","Worker was transferring liquid petroleum from a tank battery to his tanker truck, and an explosion/fire occurred."
FY 2010,06/05/10,03/29/10,"MOC, Inc., Pittsburgh, PA 15219",Worker fell from the roof of a 55-story office building.
FY 2010,06/05/10,03/31/10,"Advanced Composites, Inc., Sidney, OH 45365",Worker was operating a forklift. She was caught/crushed between the forklift and a stack of palletized Gaylord boxes containing plastic pellets.
FY 2010,06/05/10,03/31/10,"Jim Hovis dba Hovis Transportation, Champaign, IL 61822",Worker was delivering a semi-trailer load of pallets to a warehouse and was run over by his truck.
FY 2010,06/05/10,03/31/10,"Mill Run Logging, Inc., Tioga, WV 26691","Worker was cutting a felled tree. The tree fell into a larger adjacent tree, striking the worker."
FY 2010,06/05/10,03/31/10,"Planters Cotton Oil Mill, Inc., Pine Bluff, AR 71601","Worker was assisting in cleaning the clean-up room, and was having trouble breathing. Worker had an asthma attack."
FY 2010,06/05/10,05/20/10,"Clark County Child Support-Family Support Division, Las Vegas, NV 89119","Worker died from heart failure, several days after suffering 3 broken ribs from falling on the floor on the way to the restroom."
FY 2010,06/05/10,05/26/10,"Champion Cooler Corp., Denison, TX 76020",Worker collapsed in men's bathroom due to a massive stroke.
FY 2010,06/05/10,05/26/10,"Unknown (TBD - possibly friend of homeowner), Abington, PA 19001","Worker was not wearing a harness, 20 feet in the air, cutting a tree limb, the limb broke, swung around and knocked the worker from the ladder he was working from."
FY 2010,06/05/10,05/27/10,"Heckert Construction, Pittsburg, KS 66762","Worker was standing on the ground, tarping his truck with a roll of overtarping, and fell backwards striking his head on the pavement."
FY 2010,06/05/10,05/27/10,"Randy Morris Logging, Waynesboro, TN 38485","Worker was topping a tree while a second worker was felling another tree. The tree being felled, twisted and struck the first worker topping a tree."
FY 2010,06/05/10,05/28/10,"Triad International Maintenance Corporation, Greensboro, NC 27410",Worker died after falling 30 feet from a floor opening on a mobile scaffold while performing maintenance on an aircraft.
FY 2010,06/05/10,05/29/10,"Windsor Door Sales, Inc., Albuquerque NM 87114","Worker repairing an overhead garage door, fell from the ladder and struck his head."
FY 2010,06/05/10,05/30/10,"Unit Texas Drilling, LLC, Cleburn, TX 76033",Worker rigging-up; fell 90 feet to the derrick floor.
FY 2010,06/05/10,06/01/10,"Bulk Transport Corporation, Michigan City, IN 46360",Mechanic was crushed under an unsecured forklift that he was working on.
FY 2010,06/05/10,06/01/10,"Francois Lessard, T3R13, ME 04462",Worker was operating a propane cook stove and was severely burned after the propane gas system ignited causing a fire and/or explosion.
FY 2010,06/05/10,06/01/10,"Jennings Implement Co., Bement, IL 61813-1347",Worker was working on a chisel plow. He became trapped between the tire and the plow.
FY 2010,06/05/10,06/01/10,"L & S Packing Company, Inc., East Farmingdale, NY 11735",Worker was putting labels on boxes and was crushed by falling pallets.
FY 2010,06/05/10,06/01/10,"Mankato Place Ramp, Mankato, MN 56001",Worker died after falling from a 5-story ramp.
FY 2010,06/05/10,06/01/10,"Sobarea Ranch, Fremont, CA 94539",Farm worker climbed onto stack of hay and fell into the hay baling machine.
FY 2010,06/05/10,06/01/10,"Universal Maintenance Services dba APM Terminals, La Porte, TX 77571",Worker was removing a sign from the front of her truck and was struck by another truck.
FY 2010,06/05/10,06/02/10,"Express Energy Services, Azle, TX 76020","Worker was trying to stab a pipe into the bottom of an elevator. The bottom bale of the elevator struck the pipe and swung into the worker, striking the worker on the face/head."
FY 2010,06/05/10,06/02/10,"Feher Rubbish Removal Inc., Canastota, NY 13032",Worker was caught and crushed between rails of a roll container truck.
FY 2010,06/05/10,06/02/10,"N.C. Department of Transportation, Wilmington, NC 28401","One worker was killed and another was injured when they were struck by a tractor trailer on Interstate 40, as they were closing a lane preparing to start bridge construction."
FY 2010,06/05/10,06/02/10,"Rocha Construction, Lees Summit, MO 64086","Worker was engaged in the setting of a structural steel beam, either fell on top or was struck by the beam as it fell from the top of a concrete basement wall."
FY 2010,06/05/10,06/03/10,"Delta Airlines, Madison, WI 53704",Worker was cleaning planes and was exposed to chemicals.
FY 2010,06/12/10,05/22/10,"Viper Construction, Wayne, PA 19087","Worker was climbing down a ladder with tools in his hand and slipped through the ladder, fell backwards, striking his head."
FY 2010,06/12/10,05/26/10,"Unknown (TBD), Muncie, IN 47303",Plumber working in a well was overcome by muriatic acid fumes. Passerby trying to rescue him was overcome and later died. Two volunteer firefighters were hospitalized. Plumber may have been off duty.
FY 2010,06/12/10,05/26/10,"Watson Tree Service, Henderson, TX 75654",Worker was trimming a tree and received an electrical shock.
FY 2010,06/12/10,06/03/10,"Sabra, Wang & Associates, Inc., Annapolis, MD 21401",Worker died after being struck and run over by an unknown motor vehicle that kept going; worker was thrown into the center lane and run over a second time by a tractor trailer.
FY 2010,06/12/10,06/05/10,"Swift Transportation, Phoenix, AZ 85038",Worker died after tractor trailer he was driving ran off the road and turned over.
FY 2010,06/12/10,06/07/10,"C & H Power Line Construction, Co., Cleburne, TX 76033","Worker was performing drilling operations with an auger-type drilling machine to install and set utility poles into the ground. During the drilling process, a high pressure liquefied natural gas pipeline was struck and ruptured. One fatality and six wor"
FY 2010,06/12/10,06/07/10,"Dryden Diving, Buchanan, NY 10511",Worker was performing repairs under water.
FY 2010,06/12/10,06/07/10,"Melga Sales Corp, Brooklyn, NY 11231",Worker was reglazing a bathtub and was found dead.
FY 2010,06/12/10,06/07/10,"Premier Maintenance, Inc., Milford, CT 06460","Worker was power washing a three-story house and was moving a ladder, lost his hold, the ladder went back hitting a primary conductive power line. Worker was electrocuted."
FY 2010,06/12/10,06/07/10,"Tampa Electric Company, Tampa, FL 33602",Worker contacted a power transmission line.
FY 2010,06/12/10,06/07/10,"The Grain Systems, Inc., Newton, IL 62448",Worker was operating an automated laser cutter and became caught in a pinch point after the structure that holds the laser cutter moved to the right front area near the metal structure of the machine.
FY 2010,06/12/10,06/07/10,"Travel Centers of America, North Haven, CT 06473",Worker was in the process of filling fuel into a tractor trailer and was struck by another tractor trailer.
FY 2010,06/12/10,06/08/10,"Diego Landscaping Services, Inc., Miami, FL 33133",Worker was working from a mango tree; his pruner struck an overhead powerline and he was electrocuted.
FY 2010,06/12/10,06/08/10,"Jimmy Ray Adams, Washington, NC 27889",Residential construction worker doing framing fell from a makeshift scaffold.
FY 2010,06/12/10,06/08/10,"KSM Construction, Alhambra, CA 91803",Worker died after falling unconscious while moving a pry bar during welding activities.
FY 2010,06/12/10,06/08/10,"Nick Thomas Inc., Canadian, TX 79014","Workers were excavating caliche for an oil field location pad. The bulldozer nicked an unidentified pipeline, resulting in an explosion. Two worker fatalities and one worker was hospitalized."
FY 2010,06/12/10,06/08/10,"Trafalgar Supply Company, Plant City, FL 33566",Worker had delivered a load of steel tubing on a flat bed trailer and was struck by a bundle of steel tubing that was being off-loaded.
FY 2010,06/12/10,06/09/10,"Fresh Wave LLC, Vineland, NJ 08360",Worker was crushed between a tractor trailer and a loading dock.
FY 2010,06/12/10,06/10/10,"Unit Drilling Co., Wheeler, TX 79096",Workers were moving a weighted sign to the entrance of a rig site with a forklift; questionable lightning strike. One worker fatality and one worker hospitalization.
FY 2010,06/12/10,06/11/10,"Lux Brothers, Inc., Millbank, SD 57252",Worker was struck from a falling load after the load fell off a forklift.
FY 2010,06/12/10,06/11/10,"Nimaris Construction, Macungie, PA 18062",Worker was performing site survey work and was backed over by a dozer/grader.
FY 2010,06/12/10,06/12/10,"Newman & Company Inc., Philadelphia, PA 19135",Worker was crushed by a paper hopper that was being loaded by a forklift.
FY 2010,06/12/10,06/12/10,"Top Notch Cleaners, LLC., Valley, AL 36854",Two workers were performing cleaning and buffing activities and were found dead. One worker was found with a dust mask over his mouth and the other worker was found in a hallway.
FY 2010,06/19/10,05/27/10,"US Deer Antlers Export & Import, Los Angeles, CA, 90006",Worker sustained head injuries after falling from an 8-foot ladder in store; died 9 days later.
FY 2010,06/19/10,05/31/10,"Contemporary Homes of the Southwest, Inc., Rio Rancho, NM 87124","Worker, framing a second-level addition on a home, died after falling about 10 feet."
FY 2010,06/19/10,06/05/10,"Overdorf Mechanical, Inc., Punxsutawney, PA 15767",Worker was conducting HVAC repairs and was working from a 6-foot ladder on the HVAC system above the ceiling tiles. He was found on the floor in an unresponsive state.
FY 2010,06/19/10,06/08/10,"Camp Glen Arden Group, LLC, Tuxedo, NC 28784",Worker on tractor pulling a loaded manure spreader was run over and pinned by the spreader when tractor and spreader became disengaged and rolled backwards.
FY 2010,06/19/10,06/10/10,"Arbuckle Construction, Minneapolis, MN 55438",Worker hanging sheetrock fell from ladder and struck head.
FY 2010,06/19/10,06/11/10,"Rock Solid Security, Nashville, TN 37211","Security guard on night duty, patrolling country music festival grounds during 100-degree weather, was found collapsed inside a medical tent that was closed for the night."
FY 2010,06/19/10,06/13/10,"Clifford-Lee and Associates, Franklin, LA 70538",Worker was placing a ladder to access a roof. The ladder contacted a power line and the worker was electrocuted.
FY 2010,06/19/10,06/13/10,"Robert Koumarianos Plumbing, Sacramento, CA",Worker installing a gas line in the attic of a house collapsed from the heat.
FY 2010,06/19/10,06/13/10,"Wiper Technologies, Inc., Milwaukee, WI 53223","Worker was fabricating oil absorbent booms filled with raw cotton fibers that float on water to absorb and limit the spread of spilled oil. Worker was operating a pallet-wrapping machine, as well as placing finished oil absorbent booms on the pallets. W"
FY 2010,06/19/10,06/14/10,"Blake Electric, Stockton, CA 95203",Worker was electrocuted while working on a high voltage panel; was entrapped on the panel for one hour.
FY 2010,06/19/10,06/14/10,"Coastal Flow Measurement, Inc., Mont Belvieu, TX 77580",Worker was freeing a pump component under pressure and was impaled by the pump component.
FY 2010,06/19/10,06/14/10,"McJunkin Red Man Company - Labarge, Hueytown, AL 35023","Worker was loading a semi-flat bed trailer with 41-foot metal pipes with a weight of 5,000 pounds, and was struck by a pipe that rolled off of the truck."
FY 2010,06/19/10,06/14/10,"Select Energy Services LLC dba Cactus Lease Services, Catarina, TX 78280",Worker was loading pipe onto a flatbed trailer with a forklift. Worker was struck by a pipe and knocked off of the trailer bed.
FY 2010,06/19/10,06/14/10,"U.S. Postal Service, Hayward, CA 94541",Worker was found unresponsive in a trash dumpster.
FY 2010,06/19/10,06/15/10,"Benes Heating and Air Conditioning Service, Inc., Raymond,NE 68428",Worker was on a loft/balcony area and fell from the elevated area.
FY 2010,06/19/10,06/15/10,"Delta Airlines, St. Paul International Airport, St. Paul, MN 55111",Worker greasing gears in airport gate at night put head into gear door and was struck by door.
FY 2010,06/19/10,06/15/10,"Memphis Light Gas and Water, Memphis, TN, 38103",Worker was tearing down a transmission structure using a digger-derrick when a pole broke and struck him on the head.
FY 2010,06/19/10,06/15/10,"OCS Industries, Rock Tavern, NY 12575",Worker was replacing structural roof panels and fell through the roof.
FY 2010,06/19/10,06/15/10,"Rothamn Furniture Inc., O'Fallon, MO 63366","Worker was retrieving a load of furniture from shelving with a stock picker. He was driving the stock picker backwards, the load snagged on the shelving and fell on top of the worker pinning him to the controls."
FY 2010,06/19/10,06/15/10,"Southeastern Steel Buildings, Caddo, OK 74729","Worker was engaged in cutting an 8,000-lb boiler in sections with a cutting torch. The section being cut, fell off allowing the remaining section, 5000 lbs., to flip over onto its bottom and land on the worker."
FY 2010,06/19/10,06/15/10,"Whrad Silva Farms, Stockton, CA 95203",Worker drowned after being pinned under a large grader that fell into a ditch/pond.
FY 2010,06/19/10,06/16/10,"AUI Inc, Alamillo, NM 87831",Driver pulling a trailer with work materials lost control of the vehicle and collided with a tractor trailer.
FY 2010,06/19/10,06/16/10,"Bayou Concrete, Gulfport, MS 39501",Worker was working under a truck fixing the brakes when the truck rolled onto the worker.
FY 2010,06/19/10,06/16/10,"Nassau University Medical Center, East Meadow, NY 11554",Worker was shot and killed by an off-duty corrections officer while outside hospital entrance on a break.
FY 2010,06/19/10,06/16/10,"NYCTA Division of Tracks, Forest Hills, NY 11375",Worker inspecting a passenger train at night was found unconscious at end of shift.
FY 2010,06/19/10,06/16/10,"Stuart & Kim Sorenson Feed and Grain LLC., Zachow, WI 54182",Worker was in a grain bin breaking loose bridged grain that was not flowing and was buried in the corn.
FY 2010,06/19/10,06/16/10,"Temple-Inland, Inc., Rome, GA 30165","Worker was working at an unstacker, went under a catwalk, and failed to lockout the equipment. Worker raised her arm up toward the roller and was caught and pulled into the roller."
FY 2010,06/19/10,06/17/10,"Complete HVAC Plumbing and Electric, Inc., Fairfield, IL 62837",Worker was running a lateral sewer line when the trench wall collapsed.
FY 2010,06/19/10,06/17/10,"Crane Masters, Richmond, VA 23231",Worker cleaning up a trainwreck died when crane brake failed and crane fell and crushed him .
FY 2010,06/19/10,06/17/10,"Lake Erie Construction Company, Canton, OH 44720",Worker was working with a truck boom. The boom struck a power line and the worker was electrocuted.
FY 2010,06/19/10,06/17/10,"PI & I Motor Express, Inc., Masury, OH 44438","Worker was standing on top of a trailer load of pipes pulling the tarp up to cover the load. He fell over 10 feet from the top of the load, striking his head on the concrete floor."
FY 2010,06/19/10,06/17/10,"Tangent Rail Corporations, Alexandria, LA 71302",Worker was found inside the plant on the side of a ditch with a four-wheeler on top of him.
FY 2010,06/26/10,04/07/10,"Windward Sea Venture, League City, TX 77573",Worker was cleaning out the bottom of yachts and was found floating near the pier.
FY 2010,06/26/10,06/05/10,"Delta Window Cleaning Company, Inc., Orinda, CA 94563",Worker elevated in an aerial boom lift was killed when lift made contact with 115 KV transmission line.
FY 2010,06/26/10,06/16/10,"Robert Robinson, San Jose, CA 95682",Worker suffered mass trauma to his body; cause was not known.
FY 2010,06/26/10,06/17/10,"Virgin Islands Paving, St. Thomas, VI 00801",Worker was struck by a car.
FY 2010,06/26/10,06/18/10,"Omni Stone Masonry Inc, Ross, CA 94957",Worker suffered critical head injury after falling from a scaffold.
FY 2010,06/26/10,06/20/10,"Professional Facilities Management, Inc., Montgomery, AL 36116",Worker died from an oxygen-deficient atmosphere.
FY 2010,06/26/10,06/21/10,"Lewis Petro Properties, Inc., Encinal, TX 78019",Worker was removing a frozen bolt from the track of a catepiller front end loader and was struck by a bolt that entered his forehead.
FY 2010,06/26/10,06/22/10,"Beth Abraham Family of Health Services, Inc., Bronx, NY 10467-8108",Worker died from an explosion.
FY 2010,06/26/10,06/22/10,"Comcast of Georgia, Atlanta, GA 30331","Worker was doing a cable connection, working on a ladder 20 feet up, became unresponsive and fell to the asphalt."
FY 2010,06/26/10,06/22/10,"Garden City Tire, Garden City, KS 67846","Worker was repairing tires on a front-end loader. Worker crawled under the loader with a bead bar to attempt to break the tire bead from the wheel rim. The equipment shifted and came off the jacks, crushing the worker under the rear of the loader."
FY 2010,06/26/10,06/22/10,"Gleneagles Country Club, Plano, TX 75093","Worker was riding in a golf cart after a housekeeping assignment, collapsed and fell out of a moving golf cart, striking her head on the concrete cart trail."
FY 2010,06/26/10,06/23/10,"Joe Cook Logging, Lewiston, ID 83501",Worker on the ground was struck by the boom of a tree delimber.
FY 2010,06/26/10,06/23/10,"Rocke Overhead Doors Inc., Sullivan, IL 61951","Worker was repairing an overhead door motor. He had removed the cover of the motor exposing the electrical components to replace a component. Worker leaned over the motor after replacing the component to make an adjustment to the chain, and began to shak"
FY 2010,06/26/10,06/24/10,"AGCO Incorporated, Russell, KS 67665",Two workers were off-loading trucks on the exterior of the grain elevator and two elevator grain tubes collapsed. Both workers were buried under structure debris.
FY 2010,06/26/10,06/24/10,"Arbor Tech, Doyline, LA 71023",Worker was cutting limbs from a tree and fell 50 feet.
FY 2010,06/26/10,06/24/10,"Champion Communication, Philadelphia, PA 19107","Worker was working on a TV dish from a roof, lost his balance, and fell 9 stories to the ground."
FY 2010,06/26/10,06/24/10,"Maxwell Heating & Cooling, Inc., Carrollton, GA 30117",Worker was installing an air conditioning unit. He was using a torch to sweat a pipe joint and was electrocuted.
FY 2010,06/26/10,06/25/10,"Preferred Transit aka Brinker Enterprises, Brooklyn, NY 11230",Worker was struck by a load of wall panels that fell off his truck.
FY 2010,06/26/10,06/25/10,"RG Installation, Longmont, CO 80504",Worker was on a scaffold and the scaffold tipped over. Worker fell off and hit his head.
FY 2010,06/26/10,06/26/10,"Berlin Industries, Inc., Carol Stream, IL 60188-9401",Worker was found crushed in the paper baler.
FY 2010,07/03/10,04/05/10,"Pipe Distributors, Ltd., Amelia, LA 70340",Worker was loading pipe onto a truck and was struck by pipe.
FY 2010,07/03/10,06/10/10,"Francisco Campos dba Paco Painting, Clayton, NC 27520",Four workers were injured by electrical shock. One later died.
FY 2010,07/03/10,06/13/10,"True Drilling LLC, Bonanza, UT 84008","Worker was fatally struck in the head by the kelly bushing, which broke free during rig-up procedures."
FY 2010,07/03/10,06/16/10,"Sabre Steel LLC, West Valley City, UT 84115",Worker putting decking on roof joists was blown off roof by wind. He fell 17 feet and hit his head on a rock.
FY 2010,07/03/10,06/22/10,"Tim Nicely dba Tim Nicely Construction, Bean Station, TN 37708",Worker fell 14 feet to the ground from the roof decking on a 10/12 pitch residential roof.
FY 2010,07/03/10,06/23/10,"EPNM Inc., Electrical Products Co., Albuquerque, NM 87102",Worker died after falling to the ground when hydraulic ram elevating a telescoping ladder truck broke in half.
FY 2010,07/03/10,06/24/10,"H. Schrier & Co., Inc., Brooklyn, NY 11234",Worker fell out of a man lift.
FY 2010,07/03/10,06/24/10,"Smith Roofing Company, Brownwood, TX 76801",Worker was in the process of finishing a roofing contract and fell from the roof.
FY 2010,07/03/10,06/25/10,"Thunder Valley Motocross, Morrison, CO 80401",Worker was setting up a camera and fell 20 feet.
FY 2010,07/03/10,06/25/10,"Wilcin Enterprises, Inc., Fort Myers, FL 33907",Worker was cleaning out gutters and fell from a ladder.
FY 2010,07/03/10,06/26/10,"Reel Brothers Timbering, Lumberport, WV 26386",Worker was felling a tree and was struck by another tree.
FY 2010,07/03/10,06/27/10,"Texas Pack, Inc., Port Isabel, TX 78578",Worker was performing maintenance on a forklift truck battery charger and contacted live electrical parts of the battery charger.
FY 2010,07/03/10,06/28/10,"ABECO, Rochester, MN 55904",Worker was crushed by a roller that tipped over.
FY 2010,07/03/10,06/28/10,"Royal West Amusements Inc., West Valley City, UT 84120","Worker died when his head was impaled by metal from the drive section of a Ferris wheel. The employee slipped after acknowledging he was clear and the wheel began to turn, trapping his head."
FY 2010,07/03/10,06/28/10,"Trees Are Us, Mishawaka, IN 46545",Tree trimmer struck in the head while walking under a tree on which employees were working; tree had been damaged by thunderstorms.
FY 2010,07/03/10,06/29/10,"CBS, Inc., Weskan, KS 67662",Worker was working on the elevator bin deck area and fell into grain bin.
FY 2010,07/03/10,06/29/10,"Comcast, Broomall, PA 19008",Worker was electrocuted after contacting a sagging 4000-volt power line.
FY 2010,07/03/10,06/29/10,"Farm, San Joaquin County, CA 95321","Worker got off tractor, which then began to move. Then he tried to get back on to stop tractor, slipped, and was run over by tractor and trailer."
FY 2010,07/03/10,06/29/10,"Las Vegas Paving Corporation, North Las Vegas, NV 89032","Worker was run over by a reversing loader which was moving dirt around a ""pork chop"" near an interstate entrance."
FY 2010,07/03/10,06/29/10,"Securitas Security Services USA, St. Joseph, MO 64501-1738","Worker was waving a truck to cross a railroad track and struck by the train rolling the truck over, pinning the worker under the truck."
FY 2010,07/03/10,06/30/10,"Atlas Roofing, Harrison, TN 37341",Worker apparently fell while stepping out of a cherry picker and onto a scaffold.
FY 2010,07/03/10,06/30/10,"Clearwater Paper Corporation, Lewiston, ID 83501",Worker was removing a jam from the back of the machine and fell onto the conveyor in the paper pulper. Worker drowned or was scalded.
FY 2010,07/03/10,07/01/10,"LM Glasfiber Inc., Grand Forks, ND 58206",Worker was working from a scissor lift removing a glass wagon and was struck by/crushed by an overhead gantry crane.
FY 2010,07/03/10,07/01/10,"Priority Plastics Inc., North Las Vegas, NV 89030",Temporary worker sustained a fatal crushing head injury when his head was caught between two moving parts while removing purge from a blow molding and conditioning machine.
FY 2010,07/03/10,07/01/10,"Utility Lines Construction Services, Augusta, GA 30907",Worker was working on a transformer came in contact with an energized 37 kV cable inside a transformer.
FY 2010,07/03/10,07/03/10,"AT&T, Angleton, TX 71515",Worker was found unresponsive.
FY 2010,07/10/10,06/28/10,"Diamond Links, Inc., dba Diamond Links Golf Club, Catlettsburg, KY 41129","Worker was operating a Bobcat machine while installing a culvert drain pipe. The worker was thrown from the seat when the machine slid off an embankment, and was killed when the machine rolled over him."
FY 2010,07/10/10,07/01/10,"Larson Construction Company Inc., Independence, IA 50344",Worker was assisting with the setting of tilt-up precast wall panels and was struck in the head by a falling pipe brace.
FY 2010,07/10/10,07/02/10,"Grays Tree Service, Alabaster, AL 35007","Worker was on top of a tree and was repelling down to make his cut, and hit the ground."
FY 2010,07/10/10,07/02/10,"Keolohi Fishing Inc., Lahaina, HI 96761",Worker was diving for black coral and drowned.
FY 2010,07/10/10,07/03/10,"Western Kentucky Correctional Complex, Fredonia, KY 42411",Worker was going to her car after work when she was struck by the vehicle of another worker pulling their truck out to leave.
FY 2010,07/10/10,07/06/10,"Aerospace Manufacturing CT Systems LLC., Fredonia, KS 66736",Worker had installed a new tool and was making a dry run. The tool flew out of the machine and struck the worker on the head.
FY 2010,07/10/10,07/06/10,"Kolat Construction, Rices Landing, PA 15357",Worker was working construction installing a swimming pool. Worker died from a heat stroke.
FY 2010,07/10/10,07/07/10,"B & W Welding, Fremont, OH 43420",Three workers were repairing two vertical support columns. During this activity the roof collapsed. One worker fatality and two workers were hospitalized.
FY 2010,07/10/10,07/07/10,"Hillside Manor Rehab and Extended Care Center LLC., Jamaica Estates, NY 11432",Worker was struck by flying metal debris.
FY 2010,07/10/10,07/07/10,"Latham Hi Tech Seeds, Alexander, IA 50420",Worker fell from ladder while installing trim on the side of a warehouse (metal building).
FY 2010,07/10/10,07/07/10,"Marden Industries, Mulberry, FL 33860",Worker was renovating a piece of farm equipment. A piece of the equipment fell and crushed him.
FY 2010,07/10/10,07/07/10,"Marriott Austin, Austin, TX 78744",Worker doing laundry work and became dizzy.
FY 2010,07/10/10,07/08/10,"ABC Construction, Aurora, NE 68818",Worker was attaching sheet metal screws on a pre-fabricated metal building and fell from a scissor lift or a forklift platform.
FY 2010,07/10/10,07/08/10,"ACI Services, Englewood, CO 80110",Worker was working on an oil and gas tank; the tank exploded.
FY 2010,07/10/10,07/08/10,"Boyer's Nursery, Biglerville, PA 17303",Work collapsed in the field from heat exhaustion.
FY 2010,07/10/10,07/08/10,"CW Greenwood, Tallapoosa, GA 30176","Worker was performing electrical wire replacement, placed electrical wire in mouth, then grabbed a metal scaffold. Worker was electrocuted."
FY 2010,07/10/10,07/08/10,"Environmental Safety & Health Consulting Services, Freeport, TX 77542",Worker was inside a 212-foot diameter tank cleaning out sludge when the air line to the respirator popped off; worker collapsed.
FY 2010,07/10/10,07/09/10,"Buenavista Construction Inc., Disney's ESPN Wild World Sport, 700 S. Victory Way, Kissimmee, FL 34747",Worker was working in a temporary transformer and was electrocuted.
FY 2010,07/10/10,07/09/10,"Cedar Homes Inc., dba All Affordable Tree Service, Flanders, NJ 07836",Worker was struck on the head by a falling tree.
FY 2010,07/10/10,07/09/10,"Halliburton Energy Services Inc., San Augustine, TX 75972",Worker was found unresponsive in the lab.
FY 2010,07/10/10,07/09/10,"Nabors Well Services, Lambert, MT 59243",Worker was at the top of a four-tank group to gather readings and was found collapsed in the walkway.
FY 2010,07/10/10,07/09/10,"Zartman Construction Inc., Northumberland, PA 17857",Worker was working in a roof truss for a winery. The roof truss collapsed and the worker fell.
FY 2010,07/17/10,06/07/10,"Professional Sales Services Inc., Wichita, KS 67213",Worker was disassembling/disconnecting a vertical turning lathe and was struck by the 1200-pound head ram of the lathe.
FY 2010,07/17/10,06/26/10,"Ironbound Enterprises LLP., dba Supreme Car Wash, Newark, NJ 07105",Two workers were struck by a customer's car. One worker fatality and one worker was hospitalized.
FY 2010,07/17/10,07/01/10,"J. Pacheco Landscaping, Westerly, RI 02891",Worker was performing lawn care services and was struck by an oncoming car.
FY 2010,07/17/10,07/06/10,"Sacramento Overnight Inc., Sacramento, CA 95811",Truck driver sustained fatal injuries as a result of being involved in a three-vehicle accident with company truck.
FY 2010,07/17/10,07/07/10,"Canoyer Country Greenhouse, dba Canoyer Garden Center, Papillion, NE 68133","Worker was working on the roof of a greenhouse repairing a hole. Worker slipped and began to slide six feet down the roof until falling through the hole, landing on feet, then falling back, striking the ground with head."
FY 2010,07/17/10,07/07/10,"City of Chicago Police Department, Chicago, IL 60636","Police officer was finishing his shift when an individual walked up to him in his personal vehicle. The individual reached for the officer's service revolver and fired three shots at him, striking him in the head."
FY 2010,07/17/10,07/07/10,"Premier Bakers, Inc. dba Fresh Start Bakeries North America, 141 East Palm Lane, Phoenix, AZ 85004",Worker discovered by co-workers after falling from ladder. Died enroute to hospital.
FY 2010,07/17/10,07/09/10,"Benham LLC, Naples, FL 34119","Working was using a lawn mower, it flipped over pinning him beneath the water, and worker drowned."
FY 2010,07/17/10,07/10/10,"Alcon Transport Inc., Los Angeles, CA 90021","Worker was helping to hook up a trailer, when he was crushed by a truck backing into a dock."
FY 2010,07/17/10,07/10/10,"Speedy Rooter Inc., North Sioux City, SD 57049",Two workers were fixing a clogged sewer and were overcome by sewer gases. One worker fatality and one worker was hospitalized.
FY 2010,07/17/10,07/10/10,"Vee-Jay Cement Contracting, Springfield, IL 62794","Worker was setting anchor bolts into a 4-foot concrete-formed wall, collapsed, and fell backwards. Worker suffered from heat exposure."
FY 2010,07/17/10,07/11/10,"Root Brothers Farm, Albion, NY 14411",Worker was run over by a flatbed truck.
FY 2010,07/17/10,07/12/10,"Boston University, Boston, MA 02218","Worker was found on the floor with a mask on, connected to two hoses, one for air and the other for nitrogen."
FY 2010,07/17/10,07/12/10,"Calvi Electric Company, Linwood, NJ 08221",Worker was working on an energized electrical cabinet and was electrocuted.
FY 2010,07/17/10,07/12/10,"General Dynamics Ordinance and Tactical Systems, Carthage, MO 64839",Worker was engaged in welding activities on an overhead air pollution control unit and was struck by a small piece of welding equipment/tool that fell from overhead.
FY 2010,07/17/10,07/12/10,"Phoenix Stamping Group LLC, Atlanta, GA 30336","Worker was on a scissor lift, stripping electrical wires, and was noticed lying on the floor of the bucket of the scissor lift. Worker was electrocuted."
FY 2010,07/17/10,07/13/10,"Advance Pipe Bending & Fabricating Co., Huntington Park, CA 90255",Worker fell from a pallet that was elevated eight feet above the ground by a forklift.
FY 2010,07/17/10,07/13/10,"Reid Gardner Power Plant, Moapa, NV 89025",Worker's left arm was amputated while working near a conveyor. Emergency assistance was called but the employee was pronounced dead at the scene.
FY 2010,07/17/10,07/13/10,"Trinidad Drilling, Arlington, TX 76010",Worker was in the process of rigging up the cable that was holding up the rig. The cart and the top drive track fell. The cart struck the worker.
FY 2010,07/17/10,07/14/10,"Donaldson Enterprises Inc., Tallahassee, FL 32314",Worker was changing a flat tire on a business trailer. Worker was jacking up the trailer and the trailer fell onto the worker.
FY 2010,07/17/10,07/14/10,"Porter Cattle Co., Admire, KS 66830",Worker was in the process of moving between cattle pastures. Worker got out of the truck to open the gate and was struck by the truck.
FY 2010,07/17/10,07/14/10,"Shelley and Sands, Columbus, OH 43215","Worker was working on the roadway, milling a joint in front of a bridge, and was struck by a vehicle."
FY 2010,07/17/10,07/14/10,"Simcals Inc., Mount Miegs, AL 36057",Worker was doing electrical work on an overhead crane and was standing on the bridge of the crane by the control motors. Worker either had an electrical shock or a heart attack.
FY 2010,07/17/10,07/14/10,"Unknown, Blackfoot, ID 83221",Worker was performing weed abatement using an all-terrain vehicle and was found on his back with the vehicle across his chest.
FY 2010,07/17/10,07/15/10,"Bruce J. Koerner Crane & Equipment Inc., Rockaway, NJ 07866","Worker was working on the ground, contacted an energized wrecking ball, and was electrocuted."
FY 2010,07/17/10,07/15/10,"Dansville Hauling Corporation, Forestville, MD 20747",Worker stepped out of driver's door of dump truck and was struck by another dump truck that was backing up within the lane closure.
FY 2010,07/17/10,07/15/10,"MP Technologies, Bellville, TX 77418",Worker was installing a new wire for a 72 kV transmission line and was electrocuted.
FY 2010,07/17/10,07/16/10,"Westerchil Construction, Alexandria, LA 71301","Worker was cleaning up the jobsite by picking up lumber and other debris. He was seen lying on the ground unconscious, possible heat stroke."
FY 2010,07/24/10,04/22/10,"Tactical Cleaning, Commerce City, CO 80022",Worker was cleaning the inside of a rail car that previously had gas inside. A flash fire occurred and worker was burned.
FY 2010,07/24/10,05/24/10,"Phillips Construction, Pewaukee, WI 53072","Worker was preparing and pouring a concrete patio. Worker began to show signs of heat exhaustion/heat stress, lost consciousness."
FY 2010,07/24/10,07/04/10,"Whitestar Development Corporation, Niagara Falls, NY 14303",Worker fell into a compactor and was crushed.
FY 2010,07/24/10,07/12/10,"Streb Construction Co. Inc., Iowa City, IA 52244",Worker was run over by a dump truck while working as a laborer on a road construction project.
FY 2010,07/24/10,07/13/10,"TMK/IPSCO, Camanche, IA 52730",Truck driver was strapping down steel coils on his trailer when one of the coils fell off the truck and struck him.
FY 2010,07/24/10,07/15/10,"Randy Clanton Farms Inc., Hermitage, AR 71647","Worker was removing stakes and strings from the fields, and collapsed."
FY 2010,07/24/10,07/16/10,"Platinum Property Management, Ft. Myers Beach, FL 33931",Worker was standing on a ladder performing tree trimming and fell from the ladder.
FY 2010,07/24/10,07/17/10,"C & C Transload LLC, Tyler, TX 75702",Worker was transferring sand from a rail car into a truck using a conveyor belt loading machine. Fell onto the rotating conveyor belt and was caught inside the machine.
FY 2010,07/24/10,07/18/10,"Sunnybrook Golf Club, Plymouth Meeting, PA 19462","Worker fell off the back of a golf cart, hitting his head."
FY 2010,07/24/10,07/19/10,"CR&R Inc., Stanton, CA 90680","Worker was adjusting an hydraulic front-end bucket with a clamping device on a truck, when he was crushed between the bucket and clamping arm."
FY 2010,07/24/10,07/19/10,"Reclamation Sciences, LLC, Phoenix, AZ 85212",Worker was crushed between the boom of the backhoe and the stabilizer (outrigger) leg.
FY 2010,07/24/10,07/19/10,"Sohnrey Farms, Chico, CA 95928",Worker shooting squirrels was killed when hit by a falling limb.
FY 2010,07/24/10,07/20/10,"Newmar Corporation, Nappanee, IN 46550",Worker riding in the back of a pickup truck fell out of the truck and hit his head when the truck hit a bump.
FY 2010,07/24/10,07/21/10,"Accelerated Courier Inc., Bensenville, IL 60106",Worker was loading a truck and passed out.
FY 2010,07/24/10,07/21/10,"AEE Tecnica de Cayey, Cayey, PR 00737","Worker was servicing a utility pole to restore service to clients, came in contact with the energized part of an electric transmission line and was electrocuted."
FY 2010,07/24/10,07/21/10,"Conco Concrete Specialists, Whiteriver, AZ 85941",Worker fell into a blocklayers mortar mixer and was killed by revolving paddles.
FY 2010,07/24/10,07/22/10,"Arnolds Masonry Construction, Baton Rouge, LA 70808",Worker was climbing down from a scaffold to get water and fell from the scaffold.
FY 2010,07/24/10,07/22/10,"DOD Directorate of Logistics, Fort Hood, TX 76544","Worker was working under a forklift. The front being supported by two jackstands. He was removing a hydraulic cylinder, it fell on his hand. The jackstands became dislodged and the forklift fell on the worker, crushing his head and chest."
FY 2010,07/24/10,07/22/10,"Horsehead Corporation, Monaca, PA 15061",There was an explosion in B column. Two worker fatalities.
FY 2010,07/24/10,07/22/10,"Nichols Construction Company, Welch, WV 24801","Worker was working to install a fiberoptic line and became unconcious, possible heat stress."
FY 2010,07/24/10,07/23/10,"Northeast Energy Management Inc., Cheswick, PA 15024","Two workers were in the process of performing arc welding on a oil tank that contained 85 barrels of crude oil. The tank exploded. The workers were blown up to 60 feet from the pad of the oil tank, receiving fatal burns."
FY 2010,07/24/10,07/23/10,"Tennessee Steel Haulers, Dupo, IL 62239","Worker was standing by a flatbed trailer during loading operations and material rolled from the trailer, striking the worker."
FY 2010,07/31/10,07/17/10,"Milton Heard, Baltimore, MD 21218","Worker trapped in trench up to his waist, was struck in the head."
FY 2010,07/31/10,07/19/10,"Brazeway, Inc., Hopkinsville, KY 42240","Worker suffered an electric shock while operating a resistance welder. Hospitalized after injury, and died five days later."
FY 2010,07/31/10,07/20/10,"Buck Creek Freight Inc., Lusk, WY 82225",Worker was struck in the head when a pipe rack on an oil drilling rig failed/collapsed. At the time of the failure the employee was positioned under a portion of one of the support members for the pipe racks.
FY 2010,07/31/10,07/20/10,"Northeast Services, dba Horton Tree Services, Arlington, TX 76012","Worker was in bucket truck performing tree trimming services and fell 15 feet, hitting his head."
FY 2010,07/31/10,07/20/10,"Southwest Kidney-DaVita Dialysis Partners, LLC, Phoenix, AZ 85004",Worker became stuck in top opening of a 37-inch deep mixing tank. Was found unresponsive with head and torso in the tank.
FY 2010,07/31/10,07/22/10,"Mike Pihl Logging Company Inc., Vernonia, OR 97064",Worker drove off an embankment while driving a loaded log truck.
FY 2010,07/31/10,07/22/10,"Sevier Solid Waste Board Inc., Pigeon Forge, TN 38763","Worker was found crushed in a digester tube at a compost facility. Worker had previously been reported missing, and was found after a three-day search."
FY 2010,07/31/10,07/22/10,"Universal Linen Service LLC, Louisville, KY 40208",Worker was crushed when caught between an automatic laundry hopper on a shuttle conveyor and an industrial washing machine.
FY 2010,07/31/10,07/23/10,"Utili-Comm South, Inc., Terre Haute, IN 47802",Worker doing cable installation fell off ladder to the ground.
FY 2010,07/31/10,07/25/10,"Guardsmark LLC, Lima, OH 45804","Worker was using a powered vehicle conducting a routine security inspection. The vehicle rolled over, pinning the worker."
FY 2010,07/31/10,07/26/10,"Anson Mechanical Services, Inc., Polkton, NC 28135",Worker electrocuted while working on a residential air conditioning unit.
FY 2010,07/31/10,07/26/10,"APC Paper Co., Claremont, NH 03473","Worker was feeding paper to a paper reel winder, his hand got caught and he was pulled through, receiving crushing injuries."
FY 2010,07/31/10,07/26/10,"Larry Flint's Hustler Erotic Ultra Club, Las Vegas, NV 89118",Worker was replacing a tire on a skid steer loader when he was crushed between the bucket assembly and the main frame of the loader.
FY 2010,07/31/10,07/26/10,"Noe Barrillas & Jorge Barillas dba Barillas Drywall, Chattanooga, TN 37450","Worker, sanding the ceiling of a breezeway, fell approximately 30 feet from a third floor landing to the floor below. There were no guardrails in place, and the employee was not wearing fall protection at the time of the accident."
FY 2010,07/31/10,07/26/10,"Terik Roofing, Circleville, OH 43113",Worker was using a forklift to move a small dumpster to a larger dumpster. He got off the lift to adjust the dumpster and did not lower the lift or turn it off. The lift moved forward and crushed him.
FY 2010,07/31/10,07/26/10,"Transystems Corp., Independence, KS 67301",Worker was taking samples at a new road construction job-site and was struck by a dump truck or asphalt truck.
FY 2010,07/31/10,07/27/10,"Crisp & Crisp, Inc., Robbinsville, NC 28771","Worker was struck in the head by a metal pulley being used to drag fallen trees, when the nylon strap to which it was connected broke."
FY 2010,07/31/10,07/27/10,"SCUBA Bob, Coeur d'Alene, ID 83814",Worker was retrieving golf balls and drowned.
FY 2010,07/31/10,07/28/10,"Haasbach LLC, Mt. Carroll, IL 61053",Worker was engulfed in corn.
FY 2010,07/31/10,07/28/10,"Solar Testing Labs Inc., Richfield, OH 44286",Worker was performing paving work activities outside the established work zone and was struck by a passenger motor vehicle.
FY 2010,07/31/10,07/28/10,"Sure Heet Chimney Repair & Cleaning Co., Inc., New York, NY 10030",Worker was ascending to the roof and fell from the ladder.
FY 2010,07/31/10,07/29/10,"ABBTS, Inc., Baltimore, MD 21093","Worker struck in the head after a dead tree being cut down, fell on top of another tree, which fell on the worker."
FY 2010,07/31/10,07/29/10,"Paul McGrath Contracting, Los Angelas, CA 90272",Worker was buried in 11 feet of soil after a trench collapsed during the connection of piping for installation of a trench drain.
FY 2010,07/31/10,07/29/10,"Sturgeon Services International, Bakersfield, CA 93308",One worker was killed and another was injured after falling 20 feet when a scissor lift being used to attach a sling to an unsecured beam was knocked over when the beam tipped.
FY 2010,07/31/10,07/30/10,"AmerCable Inc., El Dorado, AR 71730",Worker was performing electrical testing and sustained injuries.
FY 2010,07/31/10,07/30/10,"Kinney Contractors Inc., Greenup, IL 62428",Worker was collecting TTC signs and was struck by a tractor trailer.
FY 2010,07/31/10,07/30/10,"Nagera Construction, Coldwater, MS 38618",Worker was operating an extended boom forklift to set roof trusses. He was driving on a sloped surface when the truss he was carrying dug into the ground. Worker raised the boom to get the truss out of the ground and the forklift became unstable.
FY 2010,08/07/10,07/03/10,"Town of Shelton Police Department, Shelton, CT 06484",A police officer was struck and killed by a vehicle while performing traffic control at a fireworks event.
FY 2010,08/07/10,07/12/10,"JJ Ferguson, Greenwood, MS  38930-0660",Worker was constructing a bridge and fell.
FY 2010,08/07/10,07/20/10,"Pryer's Topnotch Tree Service, Inc., Illiopolis, IL  62539",Worker was performing tree removal services and was standing on top of his bucket truck waiting to winch some logs.  Worker fell off the truck to the ground between some logs.
FY 2010,08/07/10,07/24/10,"City of Bridgeport Fire Department, Bridgeport, CT 06605",Two Bridgeport firefighters died in a house fire on the third floor on 7/24/2010.
FY 2010,08/07/10,07/26/10,"Your Preferred Real Estate, West Pointem CA 95255",Worker suffered brain injury after tripping over phone cord that got wrapped around his leg during a phone call and falling on right side.
FY 2010,08/07/10,07/30/10,"Blossman Gas Of North Carolina, Waynesville, NC 28786",Worker was delivering liquid propane to a residence when he was struck by a 500-gallon aboveground tank that dislodged and rolled on top of the worker.
FY 2010,08/07/10,07/30/10,"Crowley Puerto Rico Services, Inc., San Juan, PR  00902",Worker was in a roll-on roll-off (RO/RO) operation and was struck by an intermodal container.
FY 2010,08/07/10,07/30/10,"J & L Spray, Los Angelos, CA 90011",Worker was electrocuted after making contact with a truck that had a fallen powerline on it.
FY 2010,08/07/10,07/31/10,"Augie Gonzalez Tree Trimming, Brentwood, CA 90049",Worker electrocuted after making contact with power lines while trimming trees.
FY 2010,08/07/10,07/31/10,"USPS, Redlands, CA 92373",Worker was unloading a metal crate from a truck inside a loading dock when metal crate door unexpectantly opened.  Suffered fatal crushing injuries.
FY 2010,08/07/10,08/01/10,"Cardinal Building Systems, Inc., Atlantic Beach, FL  32233",Worker was performing steel erection and fell.
FY 2010,08/07/10,08/02/10,"DCD Construction, Inc., Moss Point, MS  39563","Worker was constructing curb and gutter work in preparation for a concrete pour.  Worker was found later, collapsed; hyperthermia was listed as cause of death."
FY 2010,08/07/10,08/03/10,"Hardwood Tree Service Corp., River Edge, NJ  07661",Worker fell 35 feet from a tree.
FY 2010,08/07/10,08/03/10,"Hartford Distributors, Inc., Manchester, CT  06040","Workplace violence; shots were fired, nine workers were killed."
FY 2010,08/07/10,08/03/10,"Mackaben Excavating, LLC, Spearfish, SD  57783",Worker was working in an excavation and the trench wall caved in on the worker.
FY 2010,08/07/10,08/03/10,"Robert Boitnott Painting, Jackson, MO  63755",Worker was in an aerial lift and made contact with an electrical wire.
FY 2010,08/07/10,08/04/10,"ABC Professional Tree Services, Vidor, TX  77662","Worker was piling up tree limbs and said he wasn't feeling well.  He sat under a tree and slumped over, possible heat stroke/medical condition."
FY 2010,08/07/10,08/04/10,"Creative Masonry, Johnstown, OH  43031",Two workers were working in a building that collapsed from high winds.
FY 2010,08/07/10,08/04/10,"George Ruiz dba American Mobile Home Services, Brownsville, TX  78521","Worker was working on a double-wide mobile home.  The jack failed and the mobile home shifted, crushing the worker."
FY 2010,08/07/10,08/04/10,"Hofmann Construction, Inc., Edgerton, OH  43517",Worker was struck by a interior block wall.
FY 2010,08/07/10,08/04/10,"Jack Gibson Construction Company, Brookville, PA  15825",Worker was crushed by a concrete form.
FY 2010,08/07/10,08/04/10,"Northwest Cable Construction, Oshkosh, WI  54901","Worker was working in a trench and the trench collapsed, burying the worker."
FY 2010,08/07/10,08/04/10,"Premier Timber Products, Inc., Moscow, TX  75960",Worker was complaining of being hot and was later found unresponsive.
FY 2010,08/07/10,08/04/10,"The Nexus Group, Tullahoma, TN 37388",Worker was electrocuted after making contact with a 7200 volt electric line while installing fiberoptic cable.
FY 2010,08/07/10,08/05/10,"B Trenchless, Avon, CO  81620",Worker was operating a boring auger machine that was located at the bottom of a trench and was struck by the boring auger machine.
FY 2010,08/07/10,08/05/10,"Riverside Contracting, Inc., Deer Lodge, MT  59756",Crew was using a bottom (belly) dump to lay a window of hot asphalt.  Worker was bent over with his back to the approaching belly dump and was struck and crushed by the wheels of the loaded belly dump.
FY 2010,08/07/10,08/05/10,"US Dept. of Agriculture, Natural Resources Conservation Service, White Sulphur Spgs, MT  59645","Worker was riding an all-terrain vehicle (ATV), and taking soil samples.  The ATV crested the top of a ditch, struck a boulder and overturned.  ATV landed on top of the worker."
FY 2010,08/07/10,08/06/10,"CB Richard Ellis, Cleveland, OH  44112",Worker was troubleshooting a humidity problem and fell from a ladder.
FY 2010,08/07/10,08/06/10,"Davenport Transportation Inc., Newton, NC  28658",Worker was reconnecting a trailer section that had come loose and was struck by another semi truck.
FY 2010,08/07/10,08/06/10,"Grace Utility, LLC, Houston, TX  77040",Worker collapsed after exiting a manhole.
FY 2010,08/14/10,07/01/10,"West Texas Oilfield Trucking, Odessa, TX  79766",Worker was using a broom handle to push ground wire into the live wire and caused an arch electrocution.
FY 2010,08/14/10,07/12/10,"Streb Construction Co. Inc., Iowa City, IA 52244",Worker run over by a dump truck while working as a laborer on a road construction project.
FY 2010,08/14/10,07/15/10,"Georgia Power Company, Alpharetta, GA  30009","Worker was working from a bucket in the process of removing a utility pole.  An auger was being used to widen the hole and remove the dirt. The auger hit a gas line and exploded, burning the worker."
FY 2010,08/14/10,08/05/10,"Ward Trucking Co., LLC., West Chester, PA  19380","Worker was unloading a skid, lost control, fell and hit his head on the ground."
FY 2010,08/14/10,08/06/10,"Sunstreet Mortgage, LLC., Tucson, AZ 85718",Worker fell and hit his head while trying to climb over a partition wall to gain entry into a locked adjoining office.
FY 2010,08/14/10,08/07/10,"City of Wyoming Police Department, Wyoming, IL 61491",Worker (Police Chief) involved in a motor vehicle accident with civilian driver. 
FY 2010,08/14/10,08/07/10,"Inket Fisheries, Fort Pierce, FL  39496",Worker was traveling in a boat and struck an intracoastal channel marker.  He was ejected from the boat and struck the pylon head first.
FY 2010,08/14/10,08/08/10,"North Central Power, Winter, WI  54862","Worker was repairing a 7200-volt, two-strand, electric distribution line and was electrocuted."
FY 2010,08/14/10,08/08/10,"Ralph's Machine Shop, Delano, CA 93215",Worker fell through roof of his business while attempting to fix an air conditioner.
FY 2010,08/14/10,08/09/10,"Alan Blackman, Griffin, GA  30224","Worker was working on a roof of a fire-damaged building.  He was on a ladder and slipped, falling from the upper roof to a lower roof, then to the asphalt 20 feet below."
FY 2010,08/14/10,08/09/10,"Bootz Industry, Evansville, IN 47712","Worker was operating a forklift when he hit a curb, becoming pinned under overturned forklift."
FY 2010,08/14/10,08/09/10,"California Baptist University, Riverside, CA 92504","Worker killed in vehicle accident en route to Mammoth, CA."
FY 2010,08/14/10,08/09/10,"City of Chicago Fire Department, Chicago, IL 60601",Worker fell from an iron rung ladder at the top of a 4-story building while carrying equipment up the ladder.
FY 2010,08/14/10,08/09/10,"Hentges Arborist Group Inc., Fulton, MO  65251",Worker contacted a power line and was electrocuted.
FY 2010,08/14/10,08/09/10,"Innovative Mattress Solutions LLC., Avon Lake, OH  44012",Worker was unloading mattresses and box springs and was stung by a bee.
FY 2010,08/14/10,08/09/10,"W.F. Wilson & Sons, Inc., Laurel, MD 20723",Worker was struck by the counterweight and revolving superstructure of an excavator when he walked between the excavator and a hillside.
FY 2010,08/14/10,08/10/10,"Acne Barricades, K.C., Jacksonville, FL  32221","Worker was underneath an attenuator truck releasing the cushing bed.  He released the bed and it fell on him, crushing him."
FY 2010,08/14/10,08/10/10,"Clarence Welti Associates, Inc., Waterbury, CT  06708","A drill rig lost footing and rolled down a hill, landing on the worker."
FY 2010,08/14/10,08/10/10,"Clements Dean Building Company, LLC., Talladega, AL  35160","Worker was removing a roof that was under renovation and fell through a section of galvanized sheet metal, 35 feet to the concrete floor."
FY 2010,08/14/10,08/10/10,"Village of Cowden Police Department, Cowden, IL 62422","Worker (police officer) died of injuries suffered after losing control of a police car which overturned during a chase, ejecting the officer."
FY 2010,08/14/10,08/11/10,"Rocky Plumbing, Alvin, TX  77511","Worker was working 10 feet below street level, cleaning dirt from a newly installed culvert, when the worker fainted."
FY 2010,08/14/10,08/11/10,"Sherwin-Williams - Store 1902, Richmond, KY 40475","Worker sustained fatal injuries after company truck, which worker was driving, was struck by an oncoming train."
FY 2010,08/14/10,08/11/10,"WATCO, North Kansas City, MO  64116",Worker was found slumped over against building.
FY 2010,08/14/10,08/12/10,"Burke Repo Outlet, North Webster, IN 46555",Worker was test-driving a cycle for a customer when he received fatal injuries from a traffic accident.
FY 2010,08/14/10,08/12/10,"Superior Boiler Works Inc., Hutchinson, KS  67504",Worker was sandblasting a metal plate.  The plate fell over and crushed him.
FY 2010,08/14/10,08/13/10,"Superior Coating VL, Farmersville, TX  75442",Worker fell 160 feet from water tower.
FY 2010,08/21/10,02/03/10,"General Plumbing, Inc., Waddell, AZ 85355","Plumber fell 20 feet through a ceiling to the floor below. Sustained abdominal injuries and severe fractures; died 6 months later, never fully recovering from injuries."
FY 2010,08/21/10,02/21/10,"Henson Robinson Company, Mossville, IL  61552",Worker was performing roofing activities and fell 40 feet to the concrete surface below.
FY 2010,08/21/10,06/16/10,"Smeller Machine, Highland Heights, OH  44143",Worker was working on a machine which was supported on the forks of a fork truck.  The machine shifted and fell off the fixture which was supporting the machine on the forks.  The machine fell on the worker.
FY 2010,08/21/10,07/16/10,"Plumb-Air Plumbing Inc., Walnut Cove, NC 27052",Worker was electrocuted while working underneath a residential home performing plumbing work.
FY 2010,08/21/10,07/20/10,"Stolt Tank Containers, Channelview, TX  77530",Worker was cleaning the tank of a diesel truck and was on top the tank car replacing a cap and fell from a height of more than 10 feet.
FY 2010,08/21/10,08/04/10,"Boral Bricks, Inc., Marshall, TX  75670",Worker collapsed with seizures.
FY 2010,08/21/10,08/11/10,"Pioneer Contracting Co. Inc., Baltimore, MD 21224","Two workers were walking on ramp of interstate, when one of the workers tried to cross/step over the jersey wall and fell 23 feet onto two concrete pipes."
FY 2010,08/21/10,08/13/10,"Homestead Property, Columbus, OH  43215","Worker was refurbishing a house and fell from a porch, down four steps onto cement."
FY 2010,08/21/10,08/13/10,"Pack's Inc., Morehead, KY 40351",Worker was electrocuted while installing a drop pole in an office cubicle in a state office building. Worker was wiring the whip for the power pole when the pole was energized.
FY 2010,08/21/10,08/13/10,"QuadGraphics, Dickson, TN 37055",Worker was seriously burned after becoming doused in solvent while operating a forklift near a solvent line. Employee left forklift to cut off solvent supply. Solvent ignited while en route to safety shower.
FY 2010,08/21/10,08/16/10,"Michael Jefferys, Washington, DC  20001",Worker was performing exterior painting and fell 20 feet out of a manlift.
FY 2010,08/21/10,08/16/10,"Scarborough Construction Inc., Grand Island, NE  68801",Worker was working from a manlift.  He was working below power lines and raised the bucket of the aerial lift into the power lines where his forehead contacted the power lines.
FY 2010,08/21/10,08/16/10,"Self Service, Inc. dba A&H Logging, Stouts Mills, WV  26439",Worker was felling a tree manually using a chain saw and was struck on the head by a limb from the tree.
FY 2010,08/21/10,08/16/10,"Super Mix of Wisconsin Inc., Kenosha, WI  53144",Worker was caught between rotating drum and loading hopper of a ready-mix truck.
FY 2010,08/21/10,08/18/10,"General Mills Inc., Albuquerque, NM 87113",Worker fell from catwalk or scaffold.
FY 2010,08/21/10,08/18/10,"Post Buckley Schuh and Hernigan Inc., Jourdanton, TX  78026",Worker was found unconscious; probable heat stroke.
FY 2010,08/21/10,08/19/10,"American Wrecking Inc., South El Monte, CA 91733",Worker was run over by a co-worker at a job site.
FY 2010,08/21/10,08/19/10,"APM Terminals, La Porte, TX  77571",Worker was standing behind his semi-tractor rig and attached chassis and was pinned against the chassis attached to his truck by another rig and chassis.
FY 2010,08/21/10,08/19/10,"Facilities Solutions Group, LLC., Austin, TX  78754",Worker was lying down near a location where a job meeting was to be held; worker was non-responsive.  Suspected heart attack.
FY 2010,08/21/10,08/19/10,"Ruppels Plumbing & Heating, Fort Morgan, CO  80701",Worker was performing solder work to repair a hot water heater leak and dropped burning solder onto the floor causing an explosion to occur.  Worker ran out of the house with severe burns.
FY 2010,08/21/10,08/19/10,"United Personnel, South Deerfield, MA  01373",Worker was elevated 25 feet in the air on a high-lift rider truck.  The truck was knocked over by a second fork truck and the worker struck his head on concrete.
FY 2010,08/21/10,08/19/10,"Valley Pools, Rancho Mirage, CA 92270","Reported as an electrocution; however, there is dispute about whether or not worker was electrocuted or became entangled in cord that fell in pool."
FY 2010,08/21/10,08/20/10,"Ricks Auto Repair, Barboursville, WV  25504","Worker was working underneath a vehicle.  The vehicle fell off the jack stands that were supporting it, crushing the worker."
FY 2010,08/21/10,08/20/10,"Stock Building Supply, Elkins, AR  72727",Worker was found pinned under the mast of an overturned 3-wheel powered industrial truck.
FY 2010,08/28/10,06/24/10,"Rocky Mountain Welding & Fabricating, Pleasant Grove, UT 84062",Worker struck in head from material falling from crane while fabricating tank in bender.
FY 2010,08/28/10,07/29/10,"All Hours Plumbing, Albuquerque, NM 87123",A plumber was electrocuted while performing repairs under a home.
FY 2010,08/28/10,08/13/10,"Grannis Construction, Detroit Lakes, MN 56505",Worker fell from catwalk while removing a hopper on a silo.
FY 2010,08/28/10,08/16/10,"Platt Hill Nursery Inc., Bloomingdale, IL  60108",Worker was eating lunch and swallowed a bee.
FY 2010,08/28/10,08/18/10,"Delta Air Lines, Inc., Dept. 025, Atlanta, GA  30320",Worker was operating a baggage tug and was ejected.
FY 2010,08/28/10,08/18/10,"Tom's Tire and Lube, Bronte, TX  76933",Worker was inflating a mounted semi-trailer tire and was struck on the crown of the head by the exploding tire.
FY 2010,08/28/10,08/19/10,"Humboldt Redwood Co/ Grove Construction, Scotia, CA 95565",Worker sustained fatal injuries after becoming pinned under a tree.
FY 2010,08/28/10,08/19/10,"Nashville Electric Services, Nashville, TN 37246",Worker electrocuted after making contact with live wire while moving lives from an old pole to a new one.
FY 2010,08/28/10,08/19/10,"Sam Mazzola, Columbia Station, OH  44028",Worker was attacked by a bear that he was feeding/training.
FY 2010,08/28/10,08/20/10,"Amberling Companies Inc., Youngstown, OH  44512",Worker was working on a security light and fell from a ladder.
FY 2010,08/28/10,08/20/10,"PG&E, Tuolumne, CA  95379","Worker was setting up a truck to auger a hole for a power pole.  While raising the drill, boom made contact with 17 KV overhead power line."
FY 2010,08/28/10,08/20/10,"Western Sales, Bunker Hill, KS  67626","Worker was performing salvage operations of an oil field tank battery following an explosion from a lightning strike.  During the salvage operations, there was hissing noise followed by an explosion, fatally injuring the worker."
FY 2010,08/28/10,08/21/10,"Genesis Wireless, Braham, MN 55006","Worker sustained fatal injuries after being struck in the head as a 4-wheel crane, which worker was in the back of, fell over while erecting a cell tower."
FY 2010,08/28/10,08/23/10,"Bechel Brothers Inc., Blair, WI  54616","Worker was unloading products from a truck.  While working from the top of the truck, fell and cracked head open."
FY 2010,08/28/10,08/23/10,"Foltz Welding Ltd., Vernon, IL  62892",Worker was struck on the head by a pipe that was being moved.
FY 2010,08/28/10,08/23/10,"Marzetti Co., Columbus, OH  43213",Worker was struck by a forklift and hit into a compressor.
FY 2010,08/28/10,08/23/10,"Moen Steel Erection, Sioux Falls, SD  57104","Worker was connecting a 36-foot steel beam to imbeds on a poured concrete wall.  The beam was being held by two clips.  The worker was sitting on top of the wall, the clips failed and the beam fell pullling the worker off the wall."
FY 2010,08/28/10,08/23/10,"R.L. Brink Corp., Rushville, IL  62681",Worker was engaged in road work and was struck by a vehicle.
FY 2010,08/28/10,08/23/10,"University of Illinois at Urbana-Champaign, Bartlett, IL 60103",Research assistant hit by train while studying the effects of the forest preserve on the surrounding wildlife.
FY 2010,08/28/10,08/24/10,"Chicago Architectural Metals Inc., Chicago, IL  60611",Worker climbed over a guardrail and fell through a floor hole.
FY 2010,08/28/10,08/24/10,"Goodmen Treemen, Westlake, OH  44145",Worker was cutting down wind damaged trees and a  60-foot tall tree fell on him.
FY 2010,08/28/10,08/24/10,"HMHS International, Inc., Kansas City, MO  64131",Worker was moving a large metal shelving unit and drove one wheel of the powered industrial truck off the edge of the dock platform.  Worker attempted to jump clear as the truck began to fall and struck and pinned to the concrete surface by the protective cage of the truck.
FY 2010,08/28/10,08/24/10,"JMF Company, Bettendorf, IA 52732",Worker crushed to death by a load of copper tubing after losing his balance when load came off the hook as it was being loaded on a flat bed semi.
FY 2010,08/28/10,08/24/10,"Robert Cobb Inc., Bessemer, AL  35020",Worker was part of a litter crew that was working along a roadway and was struck by a car.
FY 2010,08/28/10,08/24/10,"Spray Polyurethane Foam, El Paso, TX  79927",Worker was applying acrylic roof coating on a building roof and the section of the roof gave way due to corrosion.  Worker fell through the roof and landed on a concrete surface 30 feet below.
FY 2010,08/28/10,08/24/10,"Steve Wills Trucking & Logging, CA",Worker sustained fatal injuries after being hit by a log that became unsecured.
FY 2010,08/28/10,08/25/10,"Adam Tree Service, Inc., Greenwood, CO  80121",Worker was working in an aerial lift on a boom truck.  The boom snapped in half and the worker fell with the boom.
FY 2010,08/28/10,08/25/10,"Airmech, Inc., Murrieta, CA 92563",Worker crushed to death after getting pinned in a roll-up door that was closing.
FY 2010,08/28/10,08/26/10,"Mike Davis Concrete, Arlington, TX  76001",Worker was laying concrete and collapsed.
FY 2010,08/28/10,08/26/10,"Simplex Grinnell LP., Akron, OH  44333","Worker was re-locating sprinkler heads, working from a 10-foot step ladder, and fell four to six feet to the ground."
FY 2010,08/28/10,08/27/10,"Americold Logistics LLC., Russellville, AR  72802",Worker was using a stand up forklift to pull an order of frozen chicken from a 5 tier rack with 3 pallets per location.  Worker was found on the floor covered with bags and cases of frozen chicken.
FY 2010,08/28/10,08/27/10,"Hillsdale Elevator Company, Geneseo, IL  61254","Worker was unclogging auger openings in a grain bin.  The grain that was caked on the walls fell on the worker, engulfing him."
FY 2010,08/28/10,08/28/10,"Griffin's Waste Services, Inc., Indianola, MS  38751",Worker was caught between a waste collection truck and a trash bin.
FY 2010,09/04/10,07/05/10,"Skyline Produce LLC, Hatch, NM 87937",Worker was riding a pallet on the forks of an industrial truck when his foot was caught between the pallet and stationary object.  Worker died of a reported embolism at a medical facility.
FY 2010,09/04/10,08/13/10,"Good Shepherd Medical Center dba Champion EMS, White Oak, TX  75693","Worker was found sleeping at the ambulance station, carbon monoxide poisoning."
FY 2010,09/04/10,08/13/10,"Prestonwood Baptist Church, The Colony, TX  75056","Worker was assembling industrial racks and fell five feet to the ground below, striking his head on the concrete floor."
FY 2010,09/04/10,08/24/10,"PR Management Corp. dba Panera Bread, Bedford, NH  03110",Worker slipped in the kitchen area.
FY 2010,09/04/10,08/26/10,"Chapparl Energy, Clinton, OK  73601",Worker was running electrical lines through metal conduit and collapsed.
FY 2010,09/04/10,08/26/10,"D.R. Mozeley, Inc., Charlotte, NC 28216",Worker was run over by co-worker while making grade measures.
FY 2010,09/04/10,08/26/10,"Sonoco Recycling, Inc., Salisbury, NC 28144",Worker suffered fatal injuries after getting caught between forklift mast and 1600 lbs of baled cardboard.
FY 2010,09/04/10,08/26/10,"Timber Roof Service, Gualala, CA 95445",Tree service worker suffered fatal injuries after falling 63 feet from a tree and landing on previously cut limbs and branches.
FY 2010,09/04/10,08/27/10,"DJE Leasing, Inc., Phoenix, AZ 85043",Worker was fatally injured after getting caught in between while connecting a second trailer to a lead trailer.
FY 2010,09/04/10,08/27/10,"Kansas City Southern Railroad, Port Arthur, TX  77640","Worker was found near an electrical enclosure, unresponsive."
FY 2010,09/04/10,08/29/10,"Sorey Tire, Inc., Forest, MS  39074","Worker was installing a tire on a truck.  The tire exploded, striking the worker."
FY 2010,09/04/10,08/30/10,"Complete Land Sculpture, Dallas, TX  75220",Worker was performing maintenance work on a water pump and was electrocuted.
FY 2010,09/04/10,08/30/10,"Stebbins Engineering, Watertown, NY 13601","Worker was hung by a safety strap while working on an extended boom lift, after the boom snapped."
FY 2010,09/04/10,08/31/10,"BEJT, LLC., Paterson, NJ  07522",Worker was crushed by an industrial truck that fell on him.
FY 2010,09/04/10,08/31/10,"Nemeth Contracting, White Oak, PA  15131",Worker was standing on the edge of the roof and fell 60 feet.
FY 2010,09/04/10,08/31/10,"Rick's Electric, Burwell, NE  68823",Worker was tracing an electrical short and contact was made with the live circuit.
FY 2010,09/04/10,09/01/10,"Allens Air Conditioning. Phoenix, AZ 85008",Worker was electrocuted after making contact with a 110-volt doorbell transformer while performing A/C service.
FY 2010,09/04/10,09/01/10,"Dominos Pizza, Hyde Park, MA  02136",Worker was stabbed and murdered at delivery site.
FY 2010,09/04/10,09/01/10,"J & E Electric, Murfeesboro, TN 37128",Worker was electrocuted after cutting into an energized electric line while working in the attic of a residence.
FY 2010,09/04/10,09/01/10,"Transworld Plastics Films, Inc., Rochelle, IL  61068",Worker was operating a machine and was pulled through the machine.
FY 2010,09/04/10,09/02/10,"J.D. Parker & Sons Co., Inc., New Port Richey, FL  34652",Worker was run over by truck.
FY 2010,09/04/10,09/02/10,"Yecta Inc. dba Morningside Plumbers, Inglewood, CA 90302",Worker suffered fatal injuries (burns) consistent with electrocution while working 35 to 40 feet into a crawl space while attempting to repair water heater.
FY 2010,09/04/10,09/03/10,"Back Nine Club, LLC, Lakeville, MA  02747","Worker was operating a riding lawn mower.  The lawn mower went into a pond, pinning the worker under it."
FY 2010,09/04/10,09/03/10,"Embry Shaw dba 220 Electric Inc., Hammond, LA  70401",Worker was in the process of installing a backup generator and was electrocuted.
FY 2010,09/04/10,09/03/10,"Tridelta Systems, LLC, Graceville, FL  32440",Worker was performing welding repairs on the log selector gate and was crushed by the gate.  The equipment was not properly locked and tagged out for maintenance.
FY 2010,09/11/10,08/27/10,"Gallo's Nursery, Hacienda Heights, CA 91745",Worker received fatal head injuries while loading a tractor on a trailer for hauling.
FY 2010,09/11/10,09/02/10,"Knochel Bros, Inc., Phoenix, AZ 85024",Worker received fatal injuries after being run over by a road grader.
FY 2010,09/11/10,09/03/10,"D & D Westlake, Fresno, CA 93650",Worker had been cleaning out a trench to install sprinkler lines and was later found unresponsive.  Death under investigation.
FY 2010,09/11/10,09/03/10,"MN Power, Duluth, MN 55802",Worker was found unresponsive after taking pictures at a new maintenance building.  Electrical burns found on body during autopsy.  Possible electrocution.
FY 2010,09/11/10,09/04/10,"Everett Acres, Inc., Princeton, FL  33032",Worker's tractor rolled into a canal.
FY 2010,09/11/10,09/06/10,"Neighbor Well Service, Duson, LA  70529","Worker was performing maintenance on a rig.  The rig's floor came down, striking the worker on the head."
FY 2010,09/11/10,09/06/10,"Ringo Drilling 1, L.P. Rig #18, Ozona, TX  76943",Worker was installing a drain pipe to a tank and collapsed.
FY 2010,09/11/10,09/07/10,"Bluebonnet Electric Cooperative, Inc., Luling, TX  78648",Worker was removing a large tree that caused outages.  Worker was in the bucket and made contact with a live line at shoulder or hand.
FY 2010,09/11/10,09/07/10,"Iron Industries, Hanford, CA 93230",Worker received fatal injuries from equipment roll-over while trying to set a beam on top of small building.
FY 2010,09/11/10,09/07/10,"Lauderhill Ten Management Corporation, Inc., Lauderhill, FL 33313","Worker was operating a mower and mowing grass near a canal.  The lawn mower rolled into the canal, worker drowned."
FY 2010,09/11/10,09/07/10,"Lonesome Dove Concrete Pumping, Great Falls, MT  59404",Worker was caught between two trucks and crushed.
FY 2010,09/11/10,09/07/10,"Oakley Missouri, Inc., Hayti, MO  63851",Worker was greasing the bearings on a conveyor and fell 50 feet from a catwalk.
FY 2010,09/11/10,09/07/10,"Unknown Contractor, Risingsun, OH  43467",Worker was pulled into a tree chipper machine.
FY 2010,09/11/10,09/08/10,"New Coat Sealing, LLC., Robinson, IL  62454",Worker was flagging traffic and was struck by a truck.
FY 2010,09/11/10,09/08/10,"Woodwork Manufacturing & Supply, Hutchinson, KS 67501-5373","Worker discovered a fire in a sawdust collection system and attempted to extinguish the fire by opening the dump doors on the bottom of the sawdust collector and a flash fire occurred, enveloping the worker in flames/burning sawdust."
FY 2010,09/11/10,09/09/10,"American Suncraft Indian Heights, Kokomo, IN 46901",Worker was working on a water tower when he fell resulting in fatal injuries.
FY 2010,09/11/10,09/09/10,"Skanska-Koch, Brooklyn, NY  11211",Worker was pinned by aerial lift and beam.
FY 2010,09/11/10,09/09/10,"Westscapes, Inc., Hanford, CA 93230",Worker collapsed after unloading 11-gallon plants and 15-gallon trees from truck.
FY 2010,09/11/10,09/09/10,"Yakama Forest Products, White Swan, WA  98952",Worker was working on a planer and was pinned by the door used to access the cutting heads.
FY 2010,09/11/10,09/10/10,"Ralph Surles Company, Jacksboro, TX  76458","Worker was in the process of assembling a steel double billboard.  One billboard fell onto another, pinning the worker between the signs."
FY 2010,09/11/10,09/11/10,"Gorski Trash Removal, Inc., Penns Park, PA  18943",Worker was performing maintenance on the back of a trash truck.  The support gave way and the tailgate came down on the worker.
FY 2010,09/11/10,09/11/10,"Industrial Piping, LLC, Pryor, OK  74361",Worker was working from an elevated platform and was descending a ladder from the platform.  Worker was found later hanging in his harness.
FY 2010,09/18/10,08/17/10,"Scott Walston Construction, Visalia, CA  93279",Worker suffered fatal head injuries after falling 10 feet from a ladder while climbing to retrieve some material.
FY 2010,09/18/10,08/26/10,"Jack Crump Tree & Moving Service, Pilot Mountain, NC  27041",Worker was electrocuted after making contact with an overhead power line while securing a de-limbed tree from a boom truck basket.
FY 2010,09/18/10,08/30/10,"Swanson Glass Inc., Iowa City, IA  52242","Worker suffered fatal injuries while operating a reciprocating saw on a ladder, losing his balance and falling 24 feet to a concrete slab."
FY 2010,09/18/10,09/08/10,"Seaboard Wellhead Control, Inc., Houston, TX  77047",Worker was struck by a pallet with a load weighing 2000 lbs.
FY 2010,09/18/10,09/11/10,"Johnson Feed, Inc., North Sioux City, SD  57049",Worker was washing trucks from an elevated platform 9 feet high and was found lying at the bottom of the platform.
FY 2010,09/18/10,09/13/10,"Fast Trek Steel Inc., New Haven, CT  06510",Worker was struck by a steel beam that fell from a building to the ground.
FY 2010,09/18/10,09/13/10,"Lowe's Home Improvement, Searcy, AR  72143","Worker climbed a rolling stepladder to retrieve stock from an overhead rack.  He lost his balance and fell, striking his head on a beam and landing on the concrete below."
FY 2010,09/18/10,09/13/10,"Wayne's Tree Removal, Simsbury, CT  06070",Worker was engaged in tree removal activities.  The tree snapped in half at the base; the worker was still attached to the tree as it fell to the driveway.
FY 2010,09/18/10,09/14/10,"Clark's Heavy Equipment & Oil Field Service, Minot, ND 58701",Worker was performing maintenance on skid steer and was later found pinned between the lifting arms and the cab of the skid steer.
FY 2010,09/18/10,09/14/10,"Proscape Holdings, LLC., Plantation, FL  33324",Worker using a riding lawn mower rolled over into a lake and drowned.
FY 2010,09/18/10,09/14/10,"Riley Stripping, Bond & Black Top, Livermore, CA  94550",Worker suffered fatal injuries after being crushed between two farm vehicles.
FY 2010,09/18/10,09/14/10,"Valley Prestress Products Inc., Grand Prairie, TX  77050","Worker was test-starting an engine to put in sidewinder.  The fan blade came off, striking the worker on the chest and head."
FY 2010,09/18/10,09/14/10,"Vulcraft Carrier Corporation, Aberdeen, MD  21005",Worker was struck by two bar joists that fell from a load of steel bar joists on a flatbed truck.
FY 2010,09/18/10,09/15/10,"Hatcher Roofing, New Philadelphia, OH  44663","Worker was tearing off and installing a new roof.  He stepped backward off the roof, falling 12 feet to a concrete patio."
FY 2010,09/18/10,09/15/10,"Honey Fix-It, Media, PA  19063",Worker was painting a fascia board and fell from an extension ladder.
FY 2010,09/18/10,09/15/10,"Park N Fly, Coppell, TX  75019","Worker was servicing a van.  The van rolled off of the ramps, pinning him between the muffler, transmission of the van, and the auto creeper."
FY 2010,09/18/10,09/15/10,"RockTenn, Norcross, GA  30071",Worker was assigned to operate a commercial printer.
FY 2010,09/18/10,09/15/10,"United Parcel Service, Inc., Des Moines, IA  50321",Worker suffered fatal injuries after being struck by a moving semi truck while loading/unloading freight.
FY 2010,09/18/10,09/15/10,"Wright Tree Service, McAlester, OK  72331",Worker was trimming a tree limb 25 feet high. The limb sprung back and struck him on the chest.
FY 2010,09/18/10,09/16/10,"Dallas Metal Works, LLC, Pensacola, FL  32505",Worker was replacing a metal roof and fell through a skylight.
FY 2010,09/18/10,09/16/10,"LeBron's Construction, Springfield, MA  01107-1039",Worker was in the process of reroofing and fell from the second story roof.
FY 2010,09/18/10,09/17/10,"Gavilon Grain LLC, Morral, OH  43337",Worker was working inside a grain silo in removal of the grain by manually moving wood slats covering the discharge auger.  Worker was standing on the grating and was unhooking a sensor cable from the grating.  The grating came loose; the worker fell and was pulled into the operations discharger auger.
FY 2010,09/18/10,09/17/10,"Lindsey Masonary Co., Inc., Overland Park, KS  66062",Worker fell 30 feet after the scaffold collapsed.
FY 2010,09/18/10,09/17/10,"Midwest Fence Corporation, Forest View, IL  60402",Worker was performing repair operations on an impact attenuator and was struck by a truck.
FY 2010,09/25/10,08/18/10,"M & R Construction Co., Arkadelphia, AR  71923","Worker was operating a backhoe at a gravel pit to load gravel into the bed of a dump truck.  Worker exited the backhoe that was still running and got beneath the front bucket of the backhoe.  The bucket fell, crushing the worker."
FY 2010,09/25/10,08/31/10,"Anderson Columbia Co., Crystal River, FL  34429",Worker was doing electrical work and was exposed to an arc flash.
FY 2010,09/25/10,09/17/10,"Alameda Tower, Los Angeles, CA  90021",Worker sustained fatal injuries after being hit by a trailer on company property.
FY 2010,09/25/10,09/17/10,"Becnel Family Vineyards, Healdsburg, CA  95448",Worker suffered fatal injuries in a roll-over accident while backing down a hillside.  Worker not wearing seatbelt.
FY 2010,09/25/10,09/17/10,"Evergreen Turf, Inc., Chandler, AZ  85286","Worker sustained fatal injuries after being crushed by forklift that he was operating.  The forklift lost control in a skid down a hill, throwing the worker who was not wearing a seatbelt.  The forklift landed on and crushed the worker."
FY 2010,09/25/10,09/17/10,"Mussop, Inc., El Dorado, AR  71730","Worker worked as part of an industrial cleaning crew.  After leaving the work site, he collapsed, exhibiting signs of heat stroke."
FY 2010,09/25/10,09/17/10,"Rabalais I & E Constructors, Corpus Christi, TX  78460",Worker was working from a scissor lift installing conduit and came in contact with overhead crane rail conductors that were energized.  Worker was electrocuted.
FY 2010,09/25/10,09/17/10,"Work Source, Los Angeles, CA  90010","Worker fell, hitting her head on cabinet before hitting floor."
FY 2010,09/25/10,09/19/10,"Huellinghoff Brothers, Inc., Jerseyville, IL  62052","Worker was delivering a load of propane. A piping failure occurred causing a leak, a series of explosions, and a fire.  Worker was caught in fire."
FY 2010,09/25/10,09/19/10,"J. B. Hunt Gas & Oil Drilling, LLC, Rankin, TX  79778","Worker was in the process of running casing. A high pressure hose burst, striking the worker and knocking him down the rig steps, 20 to 25 feet."
FY 2010,09/25/10,09/19/10,"T.B.H. Corp., Destin, FL  32541",Worker was conducting pH balance tests of an indoor pool and had a heart attack.
FY 2010,09/25/10,09/20/10,"AT&T, Columbus, OH  43215",Worker was working at a network junction box.  He was pinned between his work van and the junction box after the vehicle rolled forward.
FY 2010,09/25/10,09/20/10,"Davco Electrical Contractors Corporation, Port Orange, FL 32129","Worker was digging up an underground electrical conduit.  He reached into the ground, grabbing the conduit and was electrocuted."
FY 2010,09/25/10,09/20/10,"Riceland Foods, Inc., McGehee, AR  71654","Worker was assisting with vacuum operation and fell into the boot pit, 20 feet."
FY 2010,09/25/10,09/22/10,"Tri State Roofing, Woodland Park, CO  80863",Worker fell from a roof.
FY 2010,09/25/10,09/23/10,"Aguirre's Electric Service Inc DBA Aguirre's Green, Windcrest, TX  78239","Worker was installing a light fixture, received an electrical shock, and fell from a ladder."
FY 2010,09/25/10,09/23/10,"Dish Network Services LLC, Naper, NE  68775",Worker was installing a satellite dish and received an electric shock from an unknown source.
FY 2010,09/25/10,09/23/10,"Grant and Hagan Farms, Eden, ID  83325","Worker was on a pallet supported by a forklift working on a potato storage door and was crushed, falling to the ground."
FY 2010,09/25/10,09/23/10,"L & K Contracting Company, Inc., Enterprise, AL  36330","Worker was in a 12-foot deep section of a trench in the process of lowering and connecting a section.  A large portion of the wall gave way, covering the worker up to his shoulders."
FY 2010,09/25/10,09/24/10,"Directorate of Public Works, Fort Hood, TX  76544",Worker was changing out a ballast and capacitor for an outdoor floodlight with 277 volts and was electrocuted.
FY 2010,09/25/10,09/24/10,"John  R. Jurgensen Company, Fairfield, OH  45014","Worker, during highway paving operations, was backed over by a loaded dump truck."
FY 2010,09/25/10,09/24/10,"Marks Electric, Washington, DC  20020",Worker was conducting testing and exposed to 270-volt supplied conductors contained in an electrical box and was electrocuted.
FY 2010,09/25/10,09/24/10,"Supreme Service Specialty, Broussard, LA  70518","Worker was using a pressure testing device.  Tool inside went one direction and the vessel went in another, striking the worker's torso."
FY 2010,09/25/10,09/25/10,"Pioneer Oilfield Trucking, Inc., Eagle Pass, TX",Worker was in the process of backing up a trailer to another trailer to unload a rig.  Worker was crushed after one of the trailers backed up pinning him against the opposite trailer.
